"id";"year";"round";"series";"tmIDWinner";"lgIDWinner";"tmIDLoser";"lgIDLoser";"W";"L"
1;1946;"F";"O";"PHW";"NBA";"CHS";"NBA";4;1
2;1946;"QF";"M";"NYK";"NBA";"CLR";"NBA";2;1
3;1946;"QF";"M";"PHW";"NBA";"STB";"NBA";2;1
4;1946;"SF";"N";"PHW";"NBA";"NYK";"NBA";2;0
5;1946;"SF";"N";"CHS";"NBA";"WSC";"NBA";4;2
6;1947;"F";"O";"BLB";"NBA";"PHW";"NBA";4;2
7;1947;"QF";"M";"BLB";"NBA";"NYK";"NBA";2;1
8;1947;"QF";"M";"CHS";"NBA";"BOS";"NBA";2;1
9;1947;"SF";"N";"BLB";"NBA";"CHS";"NBA";2;0
10;1947;"SF";"N";"PHW";"NBA";"STB";"NBA";4;3
11;1947;"DT";"A";"BLB";"NBA";"CHS";"NBA";1;0
12;1947;"DT";"A";"CHS";"NBA";"WSC";"NBA";1;0
13;1948;"DF";"K";"WSC";"NBA";"NYK";"NBA";2;1
14;1948;"DSF";"J";"WSC";"NBA";"PHW";"NBA";2;0
15;1948;"DSF";"J";"NYK";"NBA";"BLB";"NBA";2;1
16;1948;"F";"O";"MNL";"NBA";"WSC";"NBA";4;2
17;1948;"DF";"K";"MNL";"NBA";"ROC";"NBA";2;0
18;1948;"DSF";"J";"MNL";"NBA";"CHS";"NBA";2;0
19;1948;"DSF";"J";"ROC";"NBA";"STB";"NBA";2;0
20;1949;"DF";"K";"MNL";"NBA";"FTW";"NBA";2;0
21;1949;"DT";"A";"MNL";"NBA";"ROC";"NBA";1;0
22;1949;"DSF";"J";"FTW";"NBA";"ROC";"NBA";2;0
23;1949;"DSF";"J";"MNL";"NBA";"CHS";"NBA";2;0
24;1949;"DT";"A";"FTW";"NBA";"CHS";"NBA";1;0
25;1949;"DF";"K";"SYR";"NBA";"NYK";"NBA";2;1
26;1949;"DSF";"J";"NYK";"NBA";"WSC";"NBA";2;0
27;1949;"DSF";"J";"SYR";"NBA";"PHW";"NBA";2;0
28;1949;"F";"O";"MNL";"NBA";"SYR";"NBA";4;2
29;1949;"SF";"N";"MNL";"NBA";"AND";"NBA";2;0
30;1949;"DF";"K";"AND";"NBA";"INO";"NBA";2;1
31;1949;"DSF";"J";"AND";"NBA";"TRI";"NBA";2;1
32;1949;"DSF";"J";"INO";"NBA";"SHE";"NBA";2;1
33;1950;"DF";"K";"NYK";"NBA";"SYR";"NBA";3;2
34;1950;"DSF";"J";"NYK";"NBA";"BOS";"NBA";2;0
35;1950;"DSF";"J";"SYR";"NBA";"PHW";"NBA";2;0
36;1950;"F";"O";"ROC";"NBA";"NYK";"NBA";4;3
37;1950;"DF";"K";"ROC";"NBA";"MNL";"NBA";3;1
38;1950;"DSF";"J";"MNL";"NBA";"INO";"NBA";2;1
39;1950;"DSF";"J";"ROC";"NBA";"FTW";"NBA";2;1
40;1951;"DF";"K";"NYK";"NBA";"SYR";"NBA";3;1
41;1951;"DSF";"J";"NYK";"NBA";"BOS";"NBA";2;1
42;1951;"DSF";"J";"SYR";"NBA";"PHW";"NBA";2;1
43;1951;"F";"O";"MNL";"NBA";"NYK";"NBA";4;3
44;1951;"DF";"K";"MNL";"NBA";"ROC";"NBA";3;1
45;1951;"DSF";"J";"MNL";"NBA";"INO";"NBA";2;0
46;1951;"DSF";"J";"ROC";"NBA";"FTW";"NBA";2;0
47;1952;"DF";"K";"NYK";"NBA";"BOS";"NBA";3;1
48;1952;"DSF";"J";"BOS";"NBA";"SYR";"NBA";2;0
49;1952;"DSF";"J";"NYK";"NBA";"BLB";"NBA";2;0
50;1952;"F";"O";"MNL";"NBA";"NYK";"NBA";4;1
51;1952;"DF";"K";"MNL";"NBA";"FTW";"NBA";3;2
52;1952;"DSF";"J";"MNL";"NBA";"INO";"NBA";2;0
53;1952;"DSF";"J";"FTW";"NBA";"ROC";"NBA";2;1
54;1953;"DF";"K";"SYR";"NBA";"BOS";"NBA";2;0
55;1953;"RR";"I";"SYR";"NBA";"";"NBA";4;0
56;1953;"RR";"I";"BOS";"NBA";"";"NBA";2;2
57;1953;"RR";"I";"NYK";"NBA";"";"NBA";0;4
58;1953;"F";"O";"MNL";"NBA";"SYR";"NBA";4;3
59;1953;"DF";"K";"MNL";"NBA";"ROC";"NBA";2;1
60;1953;"RR";"I";"MNL";"NBA";"";"NBA";3;0
61;1953;"RR";"I";"ROC";"NBA";"";"NBA";2;1
62;1953;"RR";"I";"FTW";"NBA";"";"NBA";0;4
63;1954;"DF";"K";"SYR";"NBA";"BOS";"NBA";3;1
64;1954;"DSF";"J";"BOS";"NBA";"NYK";"NBA";2;1
65;1954;"F";"O";"SYR";"NBA";"FTW";"NBA";4;3
66;1954;"DF";"K";"FTW";"NBA";"MNL";"NBA";3;1
67;1954;"DSF";"J";"MNL";"NBA";"ROC";"NBA";2;1
68;1955;"DF";"K";"PHW";"NBA";"SYR";"NBA";3;2
69;1955;"DSF";"J";"SYR";"NBA";"BOS";"NBA";2;1
70;1955;"DT";"A";"SYR";"NBA";"NYK";"NBA";1;0
71;1955;"F";"O";"PHW";"NBA";"FTW";"NBA";4;1
72;1955;"DF";"K";"FTW";"NBA";"STL";"NBA";3;2
73;1955;"DT";"A";"MNL";"NBA";"STL";"NBA";1;0
74;1955;"DSF";"J";"STL";"NBA";"MNL";"NBA";2;1
75;1956;"DF";"K";"BOS";"NBA";"SYR";"NBA";3;0
76;1956;"DSF";"J";"SYR";"NBA";"PHW";"NBA";2;0
77;1956;"F";"O";"BOS";"NBA";"STL";"NBA";4;3
78;1956;"DF";"K";"STL";"NBA";"MNL";"NBA";3;0
79;1956;"DSF";"J";"MNL";"NBA";"FTW";"NBA";2;0
80;1956;"DT";"A";"STL";"NBA";"FTW";"NBA";1;0
81;1956;"DT";"A";"STL";"NBA";"MNL";"NBA";1;0
82;1957;"DF";"K";"BOS";"NBA";"PHW";"NBA";4;1
83;1957;"DSF";"J";"PHW";"NBA";"SYR";"NBA";2;1
84;1957;"F";"O";"STL";"NBA";"BOS";"NBA";4;2
85;1957;"DF";"K";"STL";"NBA";"DET";"NBA";4;1
86;1957;"DSF";"J";"DET";"NBA";"CIN";"NBA";2;0
87;1958;"DF";"K";"BOS";"NBA";"SYR";"NBA";4;3
88;1958;"DSF";"J";"SYR";"NBA";"NYK";"NBA";2;0
89;1958;"F";"O";"BOS";"NBA";"MNL";"NBA";4;0
90;1958;"DF";"K";"MNL";"NBA";"STL";"NBA";4;2
91;1958;"DSF";"J";"MNL";"NBA";"DET";"NBA";2;1
92;1959;"DF";"K";"BOS";"NBA";"PHW";"NBA";4;2
93;1959;"DSF";"J";"PHW";"NBA";"SYR";"NBA";2;1
94;1959;"F";"O";"BOS";"NBA";"STL";"NBA";4;3
95;1959;"DF";"K";"STL";"NBA";"MNL";"NBA";4;3
96;1959;"DSF";"J";"MNL";"NBA";"DET";"NBA";2;0
97;1960;"DF";"K";"BOS";"NBA";"SYR";"NBA";4;1
98;1960;"DSF";"J";"SYR";"NBA";"PHW";"NBA";3;0
99;1960;"F";"O";"BOS";"NBA";"STL";"NBA";4;1
100;1960;"DF";"K";"STL";"NBA";"LAL";"NBA";4;3
101;1960;"DSF";"J";"LAL";"NBA";"DET";"NBA";3;2
102;1961;"DF";"K";"BOS";"NBA";"PHW";"NBA";4;3
103;1961;"DSF";"J";"PHW";"NBA";"SYR";"NBA";3;2
104;1961;"F";"O";"BOS";"NBA";"LAL";"NBA";4;3
105;1961;"DF";"K";"LAL";"NBA";"DET";"NBA";4;2
106;1961;"DSF";"J";"DET";"NBA";"CIN";"NBA";3;1
107;1962;"DF";"K";"BOS";"NBA";"CIN";"NBA";4;3
108;1962;"DSF";"J";"CIN";"NBA";"SYR";"NBA";3;2
109;1962;"F";"O";"BOS";"NBA";"LAL";"NBA";4;2
110;1962;"DF";"K";"LAL";"NBA";"STL";"NBA";4;3
111;1962;"DSF";"J";"STL";"NBA";"DET";"NBA";3;1
112;1963;"DF";"K";"BOS";"NBA";"CIN";"NBA";4;1
113;1963;"DSF";"J";"CIN";"NBA";"PHI";"NBA";3;2
114;1963;"F";"O";"BOS";"NBA";"SFW";"NBA";4;1
115;1963;"DF";"K";"SFW";"NBA";"STL";"NBA";4;3
116;1963;"DSF";"J";"STL";"NBA";"LAL";"NBA";3;2
117;1964;"DF";"K";"BOS";"NBA";"PHI";"NBA";4;3
118;1964;"DSF";"J";"PHI";"NBA";"CIN";"NBA";3;1
119;1964;"F";"O";"BOS";"NBA";"LAL";"NBA";4;1
120;1964;"DF";"K";"LAL";"NBA";"BAL";"NBA";4;2
121;1964;"DSF";"J";"BAL";"NBA";"STL";"NBA";3;1
122;1965;"DF";"K";"BOS";"NBA";"PHI";"NBA";4;1
123;1965;"DSF";"J";"BOS";"NBA";"CIN";"NBA";3;2
124;1965;"F";"O";"BOS";"NBA";"LAL";"NBA";4;3
125;1965;"DF";"K";"LAL";"NBA";"STL";"NBA";4;3
126;1965;"DSF";"J";"STL";"NBA";"BAL";"NBA";3;0
127;1966;"DF";"K";"PHI";"NBA";"BOS";"NBA";4;1
128;1966;"DSF";"J";"BOS";"NBA";"NYK";"NBA";3;1
129;1966;"DSF";"J";"PHI";"NBA";"CIN";"NBA";3;1
130;1966;"F";"O";"PHI";"NBA";"SFW";"NBA";4;2
131;1966;"DF";"K";"SFW";"NBA";"STL";"NBA";4;2
132;1966;"DSF";"J";"SFW";"NBA";"LAL";"NBA";3;0
133;1966;"DSF";"J";"STL";"NBA";"CHI";"NBA";3;0
134;1967;"DF";"K";"BOS";"NBA";"PHI";"NBA";4;3
135;1967;"DSF";"J";"BOS";"NBA";"DET";"NBA";4;2
136;1967;"DSF";"J";"PHI";"NBA";"NYK";"NBA";4;2
137;1967;"F";"O";"BOS";"NBA";"LAL";"NBA";4;2
138;1967;"DF";"K";"LAL";"NBA";"SFW";"NBA";4;0
139;1967;"DSF";"J";"LAL";"NBA";"CHI";"NBA";4;1
140;1967;"DSF";"J";"SFW";"NBA";"STL";"NBA";4;2
141;1968;"DF";"K";"BOS";"NBA";"NYK";"NBA";4;2
142;1968;"DSF";"J";"NYK";"NBA";"BAL";"NBA";4;0
143;1968;"DSF";"J";"BOS";"NBA";"PHI";"NBA";4;1
144;1968;"F";"O";"BOS";"NBA";"LAL";"NBA";4;3
145;1968;"DF";"K";"LAL";"NBA";"ATL";"NBA";4;1
146;1968;"DSF";"J";"ATL";"NBA";"SDR";"NBA";4;2
147;1968;"DSF";"J";"LAL";"NBA";"SFW";"NBA";4;2
148;1969;"DF";"K";"NYK";"NBA";"MIL";"NBA";4;1
149;1969;"DSF";"J";"MIL";"NBA";"PHI";"NBA";4;1
150;1969;"DSF";"J";"NYK";"NBA";"BAL";"NBA";4;3
151;1969;"F";"O";"NYK";"NBA";"LAL";"NBA";4;3
152;1969;"DF";"K";"LAL";"NBA";"ATL";"NBA";4;0
153;1969;"DSF";"J";"ATL";"NBA";"CHI";"NBA";4;1
154;1969;"DSF";"J";"LAL";"NBA";"PHO";"NBA";4;3
155;1970;"CF";"N";"BAL";"NBA";"NYK";"NBA";4;3
156;1970;"CSF";"M";"NYK";"NBA";"ATL";"NBA";4;1
157;1970;"CSF";"M";"BAL";"NBA";"PHI";"NBA";4;3
158;1970;"F";"O";"MIL";"NBA";"BAL";"NBA";4;0
159;1970;"CF";"N";"MIL";"NBA";"LAL";"NBA";4;1
160;1970;"CSF";"M";"MIL";"NBA";"SFW";"NBA";4;1
161;1970;"CSF";"M";"LAL";"NBA";"CHI";"NBA";4;3
162;1971;"CF";"N";"NYK";"NBA";"BOS";"NBA";4;1
163;1971;"CSF";"M";"BOS";"NBA";"ATL";"NBA";4;2
164;1971;"CSF";"M";"NYK";"NBA";"BAL";"NBA";4;2
165;1971;"F";"O";"LAL";"NBA";"NYK";"NBA";4;1
166;1971;"CF";"N";"LAL";"NBA";"MIL";"NBA";4;2
167;1971;"CSF";"M";"LAL";"NBA";"CHI";"NBA";4;0
168;1971;"CSF";"M";"MIL";"NBA";"GSW";"NBA";4;1
169;1972;"CF";"N";"NYK";"NBA";"BOS";"NBA";4;3
170;1972;"CSF";"M";"NYK";"NBA";"BAL";"NBA";4;1
171;1972;"CSF";"M";"BOS";"NBA";"ATL";"NBA";4;2
172;1972;"F";"O";"NYK";"NBA";"LAL";"NBA";4;1
173;1972;"CF";"N";"LAL";"NBA";"GSW";"NBA";4;1
174;1972;"CSF";"M";"GSW";"NBA";"MIL";"NBA";4;2
175;1972;"CSF";"M";"LAL";"NBA";"CHI";"NBA";4;3
176;1973;"CF";"N";"BOS";"NBA";"NYK";"NBA";4;1
177;1973;"CSF";"M";"BOS";"NBA";"BUF";"NBA";4;2
178;1973;"CSF";"M";"NYK";"NBA";"CAP";"NBA";4;3
179;1973;"F";"O";"BOS";"NBA";"MIL";"NBA";4;3
180;1973;"CF";"N";"MIL";"NBA";"CHI";"NBA";4;0
181;1973;"CSF";"M";"MIL";"NBA";"LAL";"NBA";4;1
182;1973;"CSF";"M";"CHI";"NBA";"DET";"NBA";4;3
183;1974;"CF";"N";"WSB";"NBA";"BOS";"NBA";4;2
184;1974;"CFR";"L";"HOU";"NBA";"NYK";"NBA";2;1
185;1974;"CSF";"M";"BOS";"NBA";"HOU";"NBA";4;1
186;1974;"CSF";"M";"WSB";"NBA";"BUF";"NBA";4;3
187;1974;"F";"O";"GSW";"NBA";"WSB";"NBA";4;0
188;1974;"CF";"N";"GSW";"NBA";"CHI";"NBA";4;3
189;1974;"CFR";"L";"SEA";"NBA";"DET";"NBA";2;1
190;1974;"CSF";"M";"CHI";"NBA";"KCO";"NBA";4;2
191;1974;"CSF";"M";"GSW";"NBA";"SEA";"NBA";4;2
192;1975;"CF";"N";"BOS";"NBA";"CLE";"NBA";4;2
193;1975;"CFR";"L";"BUF";"NBA";"PHI";"NBA";2;1
194;1975;"CSF";"M";"BOS";"NBA";"BUF";"NBA";4;2
195;1975;"CSF";"M";"CLE";"NBA";"WSB";"NBA";4;3
196;1975;"F";"O";"BOS";"NBA";"PHO";"NBA";4;2
197;1975;"CF";"N";"PHO";"NBA";"GSW";"NBA";4;3
198;1975;"CFR";"L";"DET";"NBA";"MIL";"NBA";2;1
199;1975;"CSF";"M";"GSW";"NBA";"DET";"NBA";4;2
200;1975;"CSF";"M";"PHO";"NBA";"SEA";"NBA";4;2
201;1976;"CF";"N";"PHI";"NBA";"HOU";"NBA";4;2
202;1976;"CFR";"L";"BOS";"NBA";"SAS";"NBA";2;0
203;1976;"CFR";"L";"WSB";"NBA";"CLE";"NBA";2;1
204;1976;"CSF";"M";"HOU";"NBA";"WSB";"NBA";4;2
205;1976;"CSF";"M";"PHI";"NBA";"BOS";"NBA";4;3
206;1976;"F";"O";"POR";"NBA";"PHI";"NBA";4;2
207;1976;"CF";"N";"POR";"NBA";"LAL";"NBA";4;0
208;1976;"CFR";"L";"GSW";"NBA";"DET";"NBA";2;1
209;1976;"CFR";"L";"POR";"NBA";"CHI";"NBA";2;1
210;1976;"CSF";"M";"POR";"NBA";"DEN";"NBA";4;2
211;1976;"CSF";"M";"LAL";"NBA";"GSW";"NBA";4;3
212;1977;"CF";"N";"WSB";"NBA";"PHI";"NBA";4;2
213;1977;"CFR";"L";"NYK";"NBA";"CLE";"NBA";2;0
214;1977;"CFR";"L";"WSB";"NBA";"ATL";"NBA";2;0
215;1977;"CSF";"M";"PHI";"NBA";"NYK";"NBA";4;0
216;1977;"CSF";"M";"WSB";"NBA";"SAS";"NBA";4;2
217;1977;"F";"O";"WSB";"NBA";"SEA";"NBA";4;3
218;1977;"CF";"N";"SEA";"NBA";"DEN";"NBA";4;2
219;1977;"CFR";"L";"MIL";"NBA";"PHO";"NBA";2;0
220;1977;"CFR";"L";"SEA";"NBA";"LAL";"NBA";2;1
221;1977;"CSF";"M";"SEA";"NBA";"POR";"NBA";4;2
222;1977;"CSF";"M";"DEN";"NBA";"MIL";"NBA";4;3
223;1978;"CF";"N";"WSB";"NBA";"SAS";"NBA";4;3
224;1978;"CFR";"L";"ATL";"NBA";"HOU";"NBA";2;0
225;1978;"CFR";"L";"PHI";"NBA";"NJN";"NBA";2;0
226;1978;"CSF";"M";"SAS";"NBA";"PHI";"NBA";4;3
227;1978;"CSF";"M";"WSB";"NBA";"ATL";"NBA";4;3
228;1978;"F";"O";"SEA";"NBA";"WSB";"NBA";4;1
229;1978;"CF";"N";"SEA";"NBA";"PHO";"NBA";4;3
230;1978;"CFR";"L";"LAL";"NBA";"DEN";"NBA";2;1
231;1978;"CFR";"L";"PHO";"NBA";"POR";"NBA";2;1
232;1978;"CSF";"M";"PHO";"NBA";"KCK";"NBA";4;1
233;1978;"CSF";"M";"SEA";"NBA";"LAL";"NBA";4;1
234;1979;"CF";"N";"PHI";"NBA";"BOS";"NBA";4;1
235;1979;"CFR";"L";"PHI";"NBA";"WSB";"NBA";2;0
236;1979;"CFR";"L";"HOU";"NBA";"SAS";"NBA";2;1
237;1979;"CSF";"M";"BOS";"NBA";"HOU";"NBA";4;0
238;1979;"CSF";"M";"PHI";"NBA";"ATL";"NBA";4;1
239;1979;"F";"O";"LAL";"NBA";"PHI";"NBA";4;2
240;1979;"CF";"N";"LAL";"NBA";"SEA";"NBA";4;1
241;1979;"CFR";"L";"PHO";"NBA";"KCK";"NBA";2;1
242;1979;"CFR";"L";"SEA";"NBA";"POR";"NBA";2;1
243;1979;"CSF";"M";"LAL";"NBA";"PHO";"NBA";4;1
244;1979;"CSF";"M";"SEA";"NBA";"MIL";"NBA";4;3
245;1980;"CF";"N";"BOS";"NBA";"PHI";"NBA";4;3
246;1980;"CFR";"L";"CHI";"NBA";"NYK";"NBA";2;0
247;1980;"CFR";"L";"PHI";"NBA";"IND";"NBA";2;0
248;1980;"CSF";"M";"BOS";"NBA";"CHI";"NBA";4;0
249;1980;"CSF";"M";"PHI";"NBA";"MIL";"NBA";4;3
250;1980;"CF";"N";"HOU";"NBA";"KCK";"NBA";4;1
251;1980;"CFR";"L";"HOU";"NBA";"LAL";"NBA";2;1
252;1980;"CFR";"L";"KCK";"NBA";"POR";"NBA";2;1
253;1980;"CSF";"M";"HOU";"NBA";"SAS";"NBA";4;3
254;1980;"CSF";"M";"KCK";"NBA";"PHO";"NBA";4;3
255;1981;"CF";"N";"PHI";"NBA";"BOS";"NBA";4;3
256;1981;"CFR";"L";"PHI";"NBA";"ATL";"NBA";2;0
257;1981;"CFR";"L";"WSB";"NBA";"NJN";"NBA";2;0
258;1981;"CSF";"M";"BOS";"NBA";"WSB";"NBA";4;1
259;1981;"CSF";"M";"PHI";"NBA";"MIL";"NBA";4;2
260;1981;"F";"O";"LAL";"NBA";"PHI";"NBA";4;2
261;1981;"CF";"N";"LAL";"NBA";"SAS";"NBA";4;0
262;1981;"CFR";"L";"PHO";"NBA";"DEN";"NBA";2;1
263;1981;"CFR";"L";"SEA";"NBA";"HOU";"NBA";2;1
264;1981;"CSF";"M";"LAL";"NBA";"PHO";"NBA";4;0
265;1981;"CSF";"M";"SAS";"NBA";"SEA";"NBA";4;1
266;1982;"CF";"N";"PHI";"NBA";"MIL";"NBA";4;1
267;1982;"CFR";"L";"NYK";"NBA";"NJN";"NBA";2;0
268;1982;"CFR";"L";"BOS";"NBA";"ATL";"NBA";2;1
269;1982;"CSF";"M";"MIL";"NBA";"BOS";"NBA";4;0
270;1982;"CSF";"M";"PHI";"NBA";"NYK";"NBA";4;0
271;1982;"F";"O";"PHI";"NBA";"LAL";"NBA";4;0
272;1982;"CF";"N";"LAL";"NBA";"SAS";"NBA";4;2
273;1982;"CFR";"L";"POR";"NBA";"SEA";"NBA";2;0
274;1982;"CFR";"L";"DEN";"NBA";"PHO";"NBA";2;1
275;1982;"CSF";"M";"LAL";"NBA";"POR";"NBA";4;1
276;1982;"CSF";"M";"SAS";"NBA";"DEN";"NBA";4;1
277;1983;"CF";"N";"BOS";"NBA";"MIL";"NBA";4;1
278;1983;"CFR";"L";"BOS";"NBA";"WSB";"NBA";3;1
279;1983;"CFR";"L";"MIL";"NBA";"ATL";"NBA";3;2
280;1983;"CFR";"L";"NJN";"NBA";"PHI";"NBA";3;2
281;1983;"CFR";"L";"NYK";"NBA";"DET";"NBA";3;2
282;1983;"CSF";"M";"MIL";"NBA";"NJN";"NBA";4;2
283;1983;"CSF";"M";"BOS";"NBA";"NYK";"NBA";4;3
284;1983;"F";"O";"BOS";"NBA";"LAL";"NBA";4;3
285;1983;"CF";"N";"LAL";"NBA";"PHO";"NBA";4;2
286;1983;"CFR";"L";"LAL";"NBA";"KCK";"NBA";3;0
287;1983;"CFR";"L";"DAL";"NBA";"SEA";"NBA";3;2
288;1983;"CFR";"L";"PHO";"NBA";"POR";"NBA";3;2
289;1983;"CFR";"L";"UTA";"NBA";"DEN";"NBA";3;2
290;1983;"CSF";"M";"LAL";"NBA";"DAL";"NBA";4;1
291;1983;"CSF";"M";"PHO";"NBA";"UTA";"NBA";4;2
292;1984;"CF";"N";"BOS";"NBA";"PHI";"NBA";4;1
293;1984;"CFR";"L";"DET";"NBA";"NJN";"NBA";3;0
294;1984;"CFR";"L";"BOS";"NBA";"CLE";"NBA";3;1
295;1984;"CFR";"L";"MIL";"NBA";"CHI";"NBA";3;1
296;1984;"CFR";"L";"PHI";"NBA";"WSB";"NBA";3;1
297;1984;"CSF";"M";"PHI";"NBA";"MIL";"NBA";4;0
298;1984;"CSF";"M";"BOS";"NBA";"DET";"NBA";4;2
299;1984;"F";"O";"LAL";"NBA";"BOS";"NBA";4;2
300;1984;"CF";"N";"LAL";"NBA";"DEN";"NBA";4;1
301;1984;"CFR";"L";"LAL";"NBA";"PHO";"NBA";3;0
302;1984;"CFR";"L";"POR";"NBA";"DAL";"NBA";3;1
303;1984;"CFR";"L";"DEN";"NBA";"SAS";"NBA";3;2
304;1984;"CFR";"L";"UTA";"NBA";"HOU";"NBA";3;2
305;1984;"CSF";"M";"DEN";"NBA";"UTA";"NBA";4;1
306;1984;"CSF";"M";"LAL";"NBA";"POR";"NBA";4;1
307;1985;"CF";"N";"BOS";"NBA";"MIL";"NBA";4;0
308;1985;"CFR";"L";"BOS";"NBA";"CHI";"NBA";3;0
309;1985;"CFR";"L";"MIL";"NBA";"NJN";"NBA";3;0
310;1985;"CFR";"L";"ATL";"NBA";"DET";"NBA";3;1
311;1985;"CFR";"L";"PHI";"NBA";"WSB";"NBA";3;2
312;1985;"CSF";"M";"BOS";"NBA";"ATL";"NBA";4;1
313;1985;"CSF";"M";"MIL";"NBA";"PHI";"NBA";4;3
314;1985;"F";"O";"BOS";"NBA";"HOU";"NBA";4;2
315;1985;"CF";"N";"HOU";"NBA";"LAL";"NBA";4;1
316;1985;"CFR";"L";"HOU";"NBA";"SAC";"NBA";3;0
317;1985;"CFR";"L";"LAL";"NBA";"SAS";"NBA";3;0
318;1985;"CFR";"L";"DAL";"NBA";"UTA";"NBA";3;1
319;1985;"CFR";"L";"DEN";"NBA";"POR";"NBA";3;1
320;1985;"CSF";"M";"HOU";"NBA";"DEN";"NBA";4;2
321;1985;"CSF";"M";"LAL";"NBA";"DAL";"NBA";4;2
322;1986;"CF";"N";"BOS";"NBA";"DET";"NBA";4;3
323;1986;"CFR";"L";"BOS";"NBA";"CHI";"NBA";3;0
324;1986;"CFR";"L";"DET";"NBA";"WSB";"NBA";3;0
325;1986;"CFR";"L";"ATL";"NBA";"IND";"NBA";3;1
326;1986;"CFR";"L";"MIL";"NBA";"PHI";"NBA";3;2
327;1986;"CSF";"M";"DET";"NBA";"ATL";"NBA";4;1
328;1986;"CSF";"M";"BOS";"NBA";"MIL";"NBA";4;3
329;1986;"CF";"N";"LAL";"NBA";"SEA";"NBA";4;0
330;1986;"CFR";"L";"LAL";"NBA";"DEN";"NBA";3;0
331;1986;"CFR";"L";"HOU";"NBA";"POR";"NBA";3;1
332;1986;"CFR";"L";"SEA";"NBA";"DAL";"NBA";3;1
333;1986;"CFR";"L";"GSW";"NBA";"UTA";"NBA";3;2
334;1986;"CSF";"M";"LAL";"NBA";"GSW";"NBA";4;1
335;1986;"CSF";"M";"SEA";"NBA";"HOU";"NBA";4;2
336;1987;"CF";"N";"DET";"NBA";"BOS";"NBA";4;2
337;1987;"CFR";"L";"BOS";"NBA";"NYK";"NBA";3;1
338;1987;"CFR";"L";"ATL";"NBA";"MIL";"NBA";3;2
339;1987;"CFR";"L";"CHI";"NBA";"CLE";"NBA";3;2
340;1987;"CFR";"L";"DET";"NBA";"WSB";"NBA";3;2
341;1987;"CSF";"M";"DET";"NBA";"CHI";"NBA";4;1
342;1987;"CSF";"M";"BOS";"NBA";"ATL";"NBA";4;3
343;1987;"F";"O";"LAL";"NBA";"DET";"NBA";4;3
344;1987;"CF";"N";"LAL";"NBA";"DAL";"NBA";4;3
345;1987;"CFR";"L";"LAL";"NBA";"SAS";"NBA";3;0
346;1987;"CFR";"L";"DAL";"NBA";"HOU";"NBA";3;1
347;1987;"CFR";"L";"UTA";"NBA";"POR";"NBA";3;1
348;1987;"CFR";"L";"DEN";"NBA";"SEA";"NBA";3;2
349;1987;"CSF";"M";"DAL";"NBA";"DEN";"NBA";4;2
350;1987;"CSF";"M";"LAL";"NBA";"UTA";"NBA";4;3
351;1988;"CF";"N";"DET";"NBA";"CHI";"NBA";4;2
352;1988;"CFR";"L";"DET";"NBA";"BOS";"NBA";3;0
353;1988;"CFR";"L";"NYK";"NBA";"PHI";"NBA";3;0
354;1988;"CFR";"L";"CHI";"NBA";"CLE";"NBA";3;2
355;1988;"CFR";"L";"MIL";"NBA";"ATL";"NBA";3;2
356;1988;"CSF";"M";"DET";"NBA";"MIL";"NBA";4;0
357;1988;"CSF";"M";"CHI";"NBA";"NYK";"NBA";4;2
358;1988;"CF";"N";"LAL";"NBA";"PHO";"NBA";4;0
359;1988;"CFR";"L";"GSW";"NBA";"UTA";"NBA";3;0
360;1988;"CFR";"L";"LAL";"NBA";"POR";"NBA";3;0
361;1988;"CFR";"L";"PHO";"NBA";"DEN";"NBA";3;0
362;1988;"CFR";"L";"SEA";"NBA";"HOU";"NBA";3;1
363;1988;"CSF";"M";"LAL";"NBA";"SEA";"NBA";4;0
364;1988;"CSF";"M";"PHO";"NBA";"GSW";"NBA";4;1
365;1989;"CF";"N";"DET";"NBA";"CHI";"NBA";4;3
366;1989;"CFR";"L";"DET";"NBA";"IND";"NBA";3;0
367;1989;"CFR";"L";"CHI";"NBA";"MIL";"NBA";3;1
368;1989;"CFR";"L";"NYK";"NBA";"BOS";"NBA";3;2
369;1989;"CFR";"L";"PHI";"NBA";"CLE";"NBA";3;2
370;1989;"CSF";"M";"CHI";"NBA";"PHI";"NBA";4;1
371;1989;"CSF";"M";"DET";"NBA";"NYK";"NBA";4;1
372;1989;"F";"O";"DET";"NBA";"POR";"NBA";4;1
373;1989;"CF";"N";"POR";"NBA";"PHO";"NBA";4;2
374;1989;"CFR";"L";"POR";"NBA";"DAL";"NBA";3;0
375;1989;"CFR";"L";"SAS";"NBA";"DEN";"NBA";3;0
376;1989;"CFR";"L";"LAL";"NBA";"HOU";"NBA";3;1
377;1989;"CFR";"L";"PHO";"NBA";"UTA";"NBA";3;2
378;1989;"CSF";"M";"PHO";"NBA";"LAL";"NBA";4;1
379;1989;"CSF";"M";"POR";"NBA";"SAS";"NBA";4;3
380;1990;"CF";"N";"CHI";"NBA";"DET";"NBA";4;0
381;1990;"CFR";"L";"CHI";"NBA";"NYK";"NBA";3;0
382;1990;"CFR";"L";"PHI";"NBA";"MIL";"NBA";3;0
383;1990;"CFR";"L";"BOS";"NBA";"IND";"NBA";3;2
384;1990;"CFR";"L";"DET";"NBA";"ATL";"NBA";3;2
385;1990;"CSF";"M";"CHI";"NBA";"PHI";"NBA";4;1
386;1990;"CSF";"M";"DET";"NBA";"BOS";"NBA";4;2
387;1990;"F";"O";"CHI";"NBA";"LAL";"NBA";4;1
388;1990;"CF";"N";"LAL";"NBA";"POR";"NBA";4;2
389;1990;"CFR";"L";"LAL";"NBA";"HOU";"NBA";3;0
390;1990;"CFR";"L";"GSW";"NBA";"SAS";"NBA";3;1
391;1990;"CFR";"L";"UTA";"NBA";"PHO";"NBA";3;1
392;1990;"CFR";"L";"POR";"NBA";"SEA";"NBA";3;2
393;1990;"CSF";"M";"LAL";"NBA";"GSW";"NBA";4;1
394;1990;"CSF";"M";"POR";"NBA";"UTA";"NBA";4;1
395;1991;"CF";"N";"CHI";"NBA";"CLE";"NBA";4;2
396;1991;"CFR";"L";"BOS";"NBA";"IND";"NBA";3;0
397;1991;"CFR";"L";"CHI";"NBA";"MIA";"NBA";3;0
398;1991;"CFR";"L";"CLE";"NBA";"NJN";"NBA";3;1
399;1991;"CFR";"L";"NYK";"NBA";"DET";"NBA";3;2
400;1991;"CSF";"M";"CHI";"NBA";"NYK";"NBA";4;3
401;1991;"CSF";"M";"CLE";"NBA";"BOS";"NBA";4;3
402;1991;"F";"O";"CHI";"NBA";"POR";"NBA";4;2
403;1991;"CF";"N";"POR";"NBA";"UTA";"NBA";4;2
404;1991;"CFR";"L";"PHO";"NBA";"SAS";"NBA";3;0
405;1991;"CFR";"L";"POR";"NBA";"LAL";"NBA";3;1
406;1991;"CFR";"L";"SEA";"NBA";"GSW";"NBA";3;1
407;1991;"CFR";"L";"UTA";"NBA";"LAC";"NBA";3;2
408;1991;"CSF";"M";"POR";"NBA";"PHO";"NBA";4;1
409;1991;"CSF";"M";"UTA";"NBA";"SEA";"NBA";4;1
410;1992;"CF";"N";"CHI";"NBA";"NYK";"NBA";4;2
411;1992;"CFR";"L";"CHI";"NBA";"ATL";"NBA";3;0
412;1992;"CFR";"L";"CHH";"NBA";"BOS";"NBA";3;1
413;1992;"CFR";"L";"NYK";"NBA";"IND";"NBA";3;1
414;1992;"CFR";"L";"CLE";"NBA";"NJN";"NBA";3;2
415;1992;"CSF";"M";"CHI";"NBA";"CLE";"NBA";4;0
416;1992;"CSF";"M";"NYK";"NBA";"CHH";"NBA";4;1
417;1992;"F";"O";"CHI";"NBA";"PHO";"NBA";4;2
418;1992;"CF";"N";"PHO";"NBA";"SEA";"NBA";4;3
419;1992;"CFR";"L";"SAS";"NBA";"POR";"NBA";3;1
420;1992;"CFR";"L";"HOU";"NBA";"LAC";"NBA";3;2
421;1992;"CFR";"L";"PHO";"NBA";"LAL";"NBA";3;2
422;1992;"CFR";"L";"SEA";"NBA";"UTA";"NBA";3;2
423;1992;"CSF";"M";"PHO";"NBA";"SAS";"NBA";4;2
424;1992;"CSF";"M";"SEA";"NBA";"HOU";"NBA";4;3
425;1993;"CF";"N";"NYK";"NBA";"IND";"NBA";4;3
426;1993;"CFR";"L";"CHI";"NBA";"CLE";"NBA";3;0
427;1993;"CFR";"L";"IND";"NBA";"ORL";"NBA";3;0
428;1993;"CFR";"L";"NYK";"NBA";"NJN";"NBA";3;1
429;1993;"CFR";"L";"ATL";"NBA";"MIA";"NBA";3;2
430;1993;"CSF";"M";"IND";"NBA";"ATL";"NBA";4;2
431;1993;"CSF";"M";"NYK";"NBA";"CHI";"NBA";4;3
432;1993;"F";"O";"HOU";"NBA";"NYK";"NBA";4;3
433;1993;"CF";"N";"HOU";"NBA";"UTA";"NBA";4;1
434;1993;"CFR";"L";"PHO";"NBA";"GSW";"NBA";3;0
435;1993;"CFR";"L";"HOU";"NBA";"POR";"NBA";3;1
436;1993;"CFR";"L";"UTA";"NBA";"SAS";"NBA";3;1
437;1993;"CFR";"L";"DEN";"NBA";"SEA";"NBA";3;2
438;1993;"CSF";"M";"HOU";"NBA";"PHO";"NBA";4;3
439;1993;"CSF";"M";"UTA";"NBA";"DEN";"NBA";4;3
440;1994;"CF";"N";"ORL";"NBA";"IND";"NBA";4;3
441;1994;"CFR";"L";"IND";"NBA";"ATL";"NBA";3;0
442;1994;"CFR";"L";"CHI";"NBA";"CHH";"NBA";3;1
443;1994;"CFR";"L";"NYK";"NBA";"CLE";"NBA";3;1
444;1994;"CFR";"L";"ORL";"NBA";"BOS";"NBA";3;1
445;1994;"CSF";"M";"ORL";"NBA";"CHI";"NBA";4;2
446;1994;"CSF";"M";"IND";"NBA";"NYK";"NBA";4;3
447;1994;"F";"O";"HOU";"NBA";"ORL";"NBA";4;0
448;1994;"CF";"N";"HOU";"NBA";"SAS";"NBA";4;2
449;1994;"CFR";"L";"PHO";"NBA";"POR";"NBA";3;0
450;1994;"CFR";"L";"SAS";"NBA";"DEN";"NBA";3;0
451;1994;"CFR";"L";"LAL";"NBA";"SEA";"NBA";3;1
452;1994;"CFR";"L";"HOU";"NBA";"UTA";"NBA";3;2
453;1994;"CSF";"M";"SAS";"NBA";"LAL";"NBA";4;2
454;1994;"CSF";"M";"HOU";"NBA";"PHO";"NBA";4;3
455;1995;"CF";"N";"CHI";"NBA";"ORL";"NBA";4;0
456;1995;"CFR";"L";"CHI";"NBA";"MIA";"NBA";3;0
457;1995;"CFR";"L";"NYK";"NBA";"CLE";"NBA";3;0
458;1995;"CFR";"L";"ORL";"NBA";"DET";"NBA";3;0
459;1995;"CFR";"L";"ATL";"NBA";"IND";"NBA";3;2
460;1995;"CSF";"M";"CHI";"NBA";"NYK";"NBA";4;1
461;1995;"CSF";"M";"ORL";"NBA";"ATL";"NBA";4;1
462;1995;"F";"O";"CHI";"NBA";"SEA";"NBA";4;2
463;1995;"CF";"N";"SEA";"NBA";"UTA";"NBA";4;3
464;1995;"CFR";"L";"HOU";"NBA";"LAL";"NBA";3;1
465;1995;"CFR";"L";"SAS";"NBA";"PHO";"NBA";3;1
466;1995;"CFR";"L";"SEA";"NBA";"SAC";"NBA";3;1
467;1995;"CFR";"L";"UTA";"NBA";"POR";"NBA";3;2
468;1995;"CSF";"M";"SEA";"NBA";"HOU";"NBA";4;0
469;1995;"CSF";"M";"UTA";"NBA";"SAS";"NBA";4;2
470;1996;"CF";"N";"CHI";"NBA";"MIA";"NBA";4;1
471;1996;"CFR";"L";"CHI";"NBA";"WSB";"NBA";3;0
472;1996;"CFR";"L";"NYK";"NBA";"CHH";"NBA";3;0
473;1996;"CFR";"L";"ATL";"NBA";"DET";"NBA";3;2
474;1996;"CFR";"L";"MIA";"NBA";"ORL";"NBA";3;2
475;1996;"CSF";"M";"CHI";"NBA";"ATL";"NBA";4;1
476;1996;"CSF";"M";"MIA";"NBA";"NYK";"NBA";4;3
477;1996;"F";"O";"CHI";"NBA";"UTA";"NBA";4;2
478;1996;"CF";"N";"UTA";"NBA";"HOU";"NBA";4;2
479;1996;"CFR";"L";"HOU";"NBA";"MIN";"NBA";3;0
480;1996;"CFR";"L";"UTA";"NBA";"LAC";"NBA";3;0
481;1996;"CFR";"L";"LAL";"NBA";"POR";"NBA";3;1
482;1996;"CFR";"L";"SEA";"NBA";"PHO";"NBA";3;2
483;1996;"CSF";"M";"UTA";"NBA";"LAL";"NBA";4;1
484;1996;"CSF";"M";"HOU";"NBA";"SEA";"NBA";4;3
485;1997;"CF";"N";"CHI";"NBA";"IND";"NBA";4;3
486;1997;"CFR";"L";"CHI";"NBA";"NJN";"NBA";3;0
487;1997;"CFR";"L";"CHH";"NBA";"ATL";"NBA";3;1
488;1997;"CFR";"L";"IND";"NBA";"CLE";"NBA";3;1
489;1997;"CFR";"L";"NYK";"NBA";"MIA";"NBA";3;2
490;1997;"CSF";"M";"CHI";"NBA";"CHH";"NBA";4;1
491;1997;"CSF";"M";"IND";"NBA";"NYK";"NBA";4;1
492;1997;"F";"O";"CHI";"NBA";"UTA";"NBA";4;2
493;1997;"CF";"N";"UTA";"NBA";"LAL";"NBA";4;0
494;1997;"CFR";"L";"LAL";"NBA";"POR";"NBA";3;1
495;1997;"CFR";"L";"SAS";"NBA";"PHO";"NBA";3;1
496;1997;"CFR";"L";"SEA";"NBA";"MIN";"NBA";3;2
497;1997;"CFR";"L";"UTA";"NBA";"HOU";"NBA";3;2
498;1997;"CSF";"M";"LAL";"NBA";"SEA";"NBA";4;1
499;1997;"CSF";"M";"UTA";"NBA";"SAS";"NBA";4;1
500;1998;"CF";"N";"NYK";"NBA";"IND";"NBA";4;2
501;1998;"CFR";"L";"IND";"NBA";"MIL";"NBA";3;0
502;1998;"CFR";"L";"PHI";"NBA";"ORL";"NBA";3;1
503;1998;"CFR";"L";"ATL";"NBA";"DET";"NBA";3;2
504;1998;"CFR";"L";"NYK";"NBA";"MIA";"NBA";3;2
505;1998;"CSF";"M";"IND";"NBA";"PHI";"NBA";4;0
506;1998;"CSF";"M";"NYK";"NBA";"ATL";"NBA";4;0
507;1998;"F";"O";"SAS";"NBA";"NYK";"NBA";4;1
508;1998;"CF";"N";"SAS";"NBA";"POR";"NBA";4;0
509;1998;"CFR";"L";"POR";"NBA";"PHO";"NBA";3;0
510;1998;"CFR";"L";"LAL";"NBA";"HOU";"NBA";3;1
511;1998;"CFR";"L";"SAS";"NBA";"MIN";"NBA";3;1
512;1998;"CFR";"L";"UTA";"NBA";"SAC";"NBA";3;2
513;1998;"CSF";"M";"SAS";"NBA";"LAL";"NBA";4;0
514;1998;"CSF";"M";"POR";"NBA";"UTA";"NBA";4;2
515;1999;"CF";"N";"IND";"NBA";"NYK";"NBA";4;2
516;1999;"CFR";"L";"MIA";"NBA";"DET";"NBA";3;0
517;1999;"CFR";"L";"NYK";"NBA";"TOR";"NBA";3;0
518;1999;"CFR";"L";"PHI";"NBA";"CHH";"NBA";3;1
519;1999;"CFR";"L";"IND";"NBA";"MIL";"NBA";3;2
520;1999;"CSF";"M";"IND";"NBA";"PHI";"NBA";4;2
521;1999;"CSF";"M";"NYK";"NBA";"MIA";"NBA";4;3
522;1999;"F";"O";"LAL";"NBA";"IND";"NBA";4;2
523;1999;"CF";"N";"LAL";"NBA";"POR";"NBA";4;3
524;1999;"CFR";"L";"PHO";"NBA";"SAS";"NBA";3;1
525;1999;"CFR";"L";"POR";"NBA";"MIN";"NBA";3;1
526;1999;"CFR";"L";"LAL";"NBA";"SAC";"NBA";3;2
527;1999;"CFR";"L";"UTA";"NBA";"SEA";"NBA";3;2
528;1999;"CSF";"M";"LAL";"NBA";"PHO";"NBA";4;1
529;1999;"CSF";"M";"POR";"NBA";"UTA";"NBA";4;1
530;2000;"CF";"N";"PHI";"NBA";"MIL";"NBA";4;3
531;2000;"CFR";"L";"CHH";"NBA";"MIA";"NBA";3;0
532;2000;"CFR";"L";"MIL";"NBA";"ORL";"NBA";3;1
533;2000;"CFR";"L";"PHI";"NBA";"IND";"NBA";3;1
534;2000;"CFR";"L";"TOR";"NBA";"NYK";"NBA";3;2
535;2000;"CSF";"M";"MIL";"NBA";"CHH";"NBA";4;3
536;2000;"CSF";"M";"PHI";"NBA";"TOR";"NBA";4;3
537;2000;"F";"O";"LAL";"NBA";"PHI";"NBA";4;1
538;2000;"CF";"N";"LAL";"NBA";"SAS";"NBA";4;0
539;2000;"CFR";"L";"LAL";"NBA";"POR";"NBA";3;0
540;2000;"CFR";"L";"SAC";"NBA";"PHO";"NBA";3;1
541;2000;"CFR";"L";"SAS";"NBA";"MIN";"NBA";3;1
542;2000;"CFR";"L";"DAL";"NBA";"UTA";"NBA";3;2
543;2000;"CSF";"M";"LAL";"NBA";"SAC";"NBA";4;0
544;2000;"CSF";"M";"SAS";"NBA";"DAL";"NBA";4;1
545;2001;"CF";"N";"NJN";"NBA";"BOS";"NBA";4;2
546;2001;"CFR";"L";"CHH";"NBA";"ORL";"NBA";3;1
547;2001;"CFR";"L";"BOS";"NBA";"PHI";"NBA";3;2
548;2001;"CFR";"L";"DET";"NBA";"TOR";"NBA";3;2
549;2001;"CFR";"L";"NJN";"NBA";"IND";"NBA";3;2
550;2001;"CSF";"M";"BOS";"NBA";"DET";"NBA";4;1
551;2001;"CSF";"M";"NJN";"NBA";"CHH";"NBA";4;1
552;2001;"F";"O";"LAL";"NBA";"NJN";"NBA";4;0
553;2001;"CF";"N";"LAL";"NBA";"SAC";"NBA";4;3
554;2001;"CFR";"L";"DAL";"NBA";"MIN";"NBA";3;0
555;2001;"CFR";"L";"LAL";"NBA";"POR";"NBA";3;0
556;2001;"CFR";"L";"SAC";"NBA";"UTA";"NBA";3;1
557;2001;"CFR";"L";"SAS";"NBA";"SEA";"NBA";3;2
558;2001;"CSF";"M";"LAL";"NBA";"SAS";"NBA";4;1
559;2001;"CSF";"M";"SAC";"NBA";"DAL";"NBA";4;1
560;2002;"CF";"N";"NJN";"NBA";"DET";"NBA";4;0
561;2002;"CFR";"L";"BOS";"NBA";"IND";"NBA";4;2
562;2002;"CFR";"L";"NJN";"NBA";"MIL";"NBA";4;2
563;2002;"CFR";"L";"PHI";"NBA";"NOH";"NBA";4;2
564;2002;"CFR";"L";"DET";"NBA";"ORL";"NBA";4;3
565;2002;"CSF";"M";"NJN";"NBA";"BOS";"NBA";4;0
566;2002;"CSF";"M";"DET";"NBA";"PHI";"NBA";4;2
567;2002;"F";"O";"SAS";"NBA";"NJN";"NBA";4;2
568;2002;"CF";"N";"SAS";"NBA";"DAL";"NBA";4;2
569;2002;"CFR";"L";"SAC";"NBA";"UTA";"NBA";4;1
570;2002;"CFR";"L";"LAL";"NBA";"MIN";"NBA";4;2
571;2002;"CFR";"L";"SAS";"NBA";"PHO";"NBA";4;2
572;2002;"CFR";"L";"DAL";"NBA";"POR";"NBA";4;3
573;2002;"CSF";"M";"SAS";"NBA";"LAL";"NBA";4;2
574;2002;"CSF";"M";"DAL";"NBA";"SAC";"NBA";4;3
575;2003;"CF";"N";"DET";"NBA";"IND";"NBA";4;2
576;2003;"CFR";"L";"IND";"NBA";"BOS";"NBA";4;0
577;2003;"CFR";"L";"NJN";"NBA";"NYK";"NBA";4;0
578;2003;"CFR";"L";"DET";"NBA";"MIL";"NBA";4;1
579;2003;"CFR";"L";"MIA";"NBA";"NOH";"NBA";4;3
580;2003;"CSF";"M";"IND";"NBA";"MIA";"NBA";4;2
581;2003;"CSF";"M";"DET";"NBA";"NJN";"NBA";4;3
582;2003;"F";"O";"DET";"NBA";"LAL";"NBA";4;1
583;2003;"CF";"N";"LAL";"NBA";"MIN";"NBA";4;2
584;2003;"CFR";"L";"SAS";"NBA";"MEM";"NBA";4;0
585;2003;"CFR";"L";"LAL";"NBA";"HOU";"NBA";4;1
586;2003;"CFR";"L";"MIN";"NBA";"DEN";"NBA";4;1
587;2003;"CFR";"L";"SAC";"NBA";"DAL";"NBA";4;1
588;2003;"CSF";"M";"LAL";"NBA";"SAS";"NBA";4;2
589;2003;"CSF";"M";"MIN";"NBA";"SAC";"NBA";4;3
590;2004;"CF";"N";"DET";"NBA";"MIA";"NBA";4;3
591;2004;"CFR";"L";"MIA";"NBA";"NJN";"NBA";4;0
592;2004;"CFR";"L";"DET";"NBA";"PHI";"NBA";4;1
593;2004;"CFR";"L";"WAS";"NBA";"CHI";"NBA";4;2
594;2004;"CFR";"L";"IND";"NBA";"BOS";"NBA";4;3
595;2004;"CSF";"M";"MIA";"NBA";"WAS";"NBA";4;0
596;2004;"CSF";"M";"DET";"NBA";"IND";"NBA";4;2
597;2004;"F";"O";"SAS";"NBA";"DET";"NBA";4;3
598;2004;"CF";"N";"SAS";"NBA";"PHO";"NBA";4;1
599;2004;"CFR";"L";"PHO";"NBA";"MEM";"NBA";4;0
600;2004;"CFR";"L";"SAS";"NBA";"DEN";"NBA";4;1
601;2004;"CFR";"L";"SEA";"NBA";"SAC";"NBA";4;1
602;2004;"CFR";"L";"DAL";"NBA";"HOU";"NBA";4;3
603;2004;"CSF";"M";"PHO";"NBA";"DAL";"NBA";4;2
604;2004;"CSF";"M";"SAS";"NBA";"SEA";"NBA";4;2
605;2005;"CF";"N";"MIA";"NBA";"DET";"NBA";4;2
606;2005;"CFR";"L";"DET";"NBA";"MIL";"NBA";4;1
607;2005;"CFR";"L";"CLE";"NBA";"WAS";"NBA";4;2
608;2005;"CFR";"L";"MIA";"NBA";"CHI";"NBA";4;2
609;2005;"CFR";"L";"NJN";"NBA";"IND";"NBA";4;2
610;2005;"CSF";"M";"MIA";"NBA";"NJN";"NBA";4;1
611;2005;"CSF";"M";"DET";"NBA";"CLE";"NBA";4;3
612;2005;"F";"O";"MIA";"NBA";"DAL";"NBA";4;2
613;2005;"CF";"N";"DAL";"NBA";"PHO";"NBA";4;2
614;2005;"CFR";"L";"DAL";"NBA";"MEM";"NBA";4;0
615;2005;"CFR";"L";"LAC";"NBA";"DEN";"NBA";4;1
616;2005;"CFR";"L";"SAS";"NBA";"SAC";"NBA";4;2
617;2005;"CFR";"L";"PHO";"NBA";"LAL";"NBA";4;3
618;2005;"CSF";"M";"DAL";"NBA";"SAS";"NBA";4;3
619;2005;"CSF";"M";"PHO";"NBA";"LAC";"NBA";4;3
620;2006;"CF";"N";"CLE";"NBA";"DET";"NBA";4;2
621;2006;"CFR";"L";"CHI";"NBA";"MIA";"NBA";4;0
622;2006;"CFR";"L";"CLE";"NBA";"WAS";"NBA";4;0
623;2006;"CFR";"L";"DET";"NBA";"ORL";"NBA";4;0
624;2006;"CFR";"L";"NJN";"NBA";"TOR";"NBA";4;2
625;2006;"CSF";"M";"CLE";"NBA";"NJN";"NBA";4;2
626;2006;"CSF";"M";"DET";"NBA";"CHI";"NBA";4;2
627;2006;"F";"O";"SAS";"NBA";"CLE";"NBA";4;0
628;2006;"CF";"N";"SAS";"NBA";"UTA";"NBA";4;1
629;2006;"CFR";"L";"PHO";"NBA";"LAL";"NBA";4;1
630;2006;"CFR";"L";"SAS";"NBA";"DEN";"NBA";4;1
631;2006;"CFR";"L";"GSW";"NBA";"DAL";"NBA";4;2
632;2006;"CFR";"L";"UTA";"NBA";"HOU";"NBA";4;3
633;2006;"CSF";"M";"UTA";"NBA";"GSW";"NBA";4;1
634;2006;"CSF";"M";"SAS";"NBA";"PHO";"NBA";4;2
635;2007;"CF";"N";"BOS";"NBA";"DET";"NBA";4;2
636;2007;"CFR";"L";"ORL";"NBA";"TOR";"NBA";4;1
637;2007;"CFR";"L";"CLE";"NBA";"WAS";"NBA";4;2
638;2007;"CFR";"L";"DET";"NBA";"PHI";"NBA";4;2
639;2007;"CFR";"L";"BOS";"NBA";"ATL";"NBA";4;3
640;2007;"CSF";"M";"DET";"NBA";"ORL";"NBA";4;1
641;2007;"CSF";"M";"BOS";"NBA";"CLE";"NBA";4;3
642;2007;"F";"O";"BOS";"NBA";"LAL";"NBA";4;2
643;2007;"CF";"N";"LAL";"NBA";"SAS";"NBA";4;1
644;2007;"CFR";"L";"LAL";"NBA";"DEN";"NBA";4;0
645;2007;"CFR";"L";"NOH";"NBA";"DAL";"NBA";4;1
646;2007;"CFR";"L";"SAS";"NBA";"PHO";"NBA";4;1
647;2007;"CFR";"L";"UTA";"NBA";"HOU";"NBA";4;2
648;2007;"CSF";"M";"LAL";"NBA";"UTA";"NBA";4;2
649;2007;"CSF";"M";"SAS";"NBA";"NOH";"NBA";4;3
650;2008;"CF";"N";"ORL";"NBA";"CLE";"NBA";4;2
651;2008;"CFR";"L";"CLE";"NBA";"DET";"NBA";4;0
652;2008;"CFR";"L";"ORL";"NBA";"PHI";"NBA";4;2
653;2008;"CFR";"L";"ATL";"NBA";"MIA";"NBA";4;3
654;2008;"CFR";"L";"BOS";"NBA";"CHI";"NBA";4;3
655;2008;"CSF";"M";"CLE";"NBA";"ATL";"NBA";4;0
656;2008;"CSF";"M";"ORL";"NBA";"BOS";"NBA";4;3
657;2008;"F";"O";"LAL";"NBA";"ORL";"NBA";4;1
658;2008;"CF";"N";"LAL";"NBA";"DEN";"NBA";4;2
659;2008;"CFR";"L";"DAL";"NBA";"SAS";"NBA";4;1
660;2008;"CFR";"L";"DEN";"NBA";"NOH";"NBA";4;1
661;2008;"CFR";"L";"LAL";"NBA";"UTA";"NBA";4;1
662;2008;"CFR";"L";"HOU";"NBA";"POR";"NBA";4;2
663;2008;"CSF";"M";"DEN";"NBA";"DAL";"NBA";4;1
664;2008;"CSF";"M";"LAL";"NBA";"HOU";"NBA";4;3
665;2009;"CF";"N";"BOS";"NBA";"ORL";"NBA";4;2
666;2009;"CFR";"L";"ORL";"NBA";"CHA";"NBA";4;0
667;2009;"CFR";"L";"BOS";"NBA";"MIA";"NBA";4;1
668;2009;"CFR";"L";"CLE";"NBA";"CHI";"NBA";4;1
669;2009;"CFR";"L";"ATL";"NBA";"MIL";"NBA";4;3
670;2009;"CSF";"M";"ORL";"NBA";"ATL";"NBA";4;0
671;2009;"CSF";"M";"BOS";"NBA";"CLE";"NBA";4;2
672;2009;"F";"O";"LAL";"NBA";"BOS";"NBA";4;3
673;2009;"CF";"N";"LAL";"NBA";"PHO";"NBA";4;2
674;2009;"CFR";"L";"LAL";"NBA";"OKC";"NBA";4;2
675;2009;"CFR";"L";"PHO";"NBA";"POR";"NBA";4;2
676;2009;"CFR";"L";"SAS";"NBA";"DAL";"NBA";4;2
677;2009;"CFR";"L";"UTA";"NBA";"DEN";"NBA";4;2
678;2009;"CSF";"M";"LAL";"NBA";"UTA";"NBA";4;0
679;2009;"CSF";"M";"PHO";"NBA";"SAS";"NBA";4;0
680;2010;"CF";"N";"MIA";"NBA";"CHI";"NBA";4;1
681;2010;"CFR";"L";"BOS";"NBA";"NYK";"NBA";4;0
682;2010;"CFR";"L";"CHI";"NBA";"IND";"NBA";4;1
683;2010;"CFR";"L";"MIA";"NBA";"PHI";"NBA";4;1
684;2010;"CFR";"L";"ATL";"NBA";"ORL";"NBA";4;2
685;2010;"CSF";"M";"MIA";"NBA";"BOS";"NBA";4;1
686;2010;"CSF";"M";"CHI";"NBA";"ATL";"NBA";4;2
687;2010;"F";"O";"DAL";"NBA";"MIA";"NBA";4;2
688;2010;"CF";"N";"DAL";"NBA";"OKC";"NBA";4;1
689;2010;"CFR";"L";"OKC";"NBA";"DEN";"NBA";4;1
690;2010;"CFR";"L";"DAL";"NBA";"POR";"NBA";4;2
691;2010;"CFR";"L";"LAL";"NBA";"NOH";"NBA";4;2
692;2010;"CFR";"L";"MEM";"NBA";"SAS";"NBA";4;2
693;2010;"CSF";"M";"DAL";"NBA";"LAL";"NBA";4;0
694;2010;"CSF";"M";"OKC";"NBA";"MEM";"NBA";4;3
695;2011;"CF";"N";"MIA";"NBA";"BOS";"NBA";4;3
696;2011;"CFR";"L";"IND";"NBA";"ORL";"NBA";4;1
697;2011;"CFR";"L";"MIA";"NBA";"NYK";"NBA";4;1
698;2011;"CFR";"L";"BOS";"NBA";"ATL";"NBA";4;2
699;2011;"CFR";"L";"PHI";"NBA";"CHI";"NBA";4;2
700;2011;"CSF";"M";"MIA";"NBA";"IND";"NBA";4;2
701;2011;"CSF";"M";"BOS";"NBA";"PHI";"NBA";4;3
702;2011;"F";"O";"MIA";"NBA";"OKC";"NBA";4;1
703;2011;"CF";"N";"OKC";"NBA";"SAS";"NBA";4;2
704;2011;"CFR";"L";"OKC";"NBA";"DAL";"NBA";4;0
705;2011;"CFR";"L";"SAS";"NBA";"UTA";"NBA";4;0
706;2011;"CFR";"L";"LAC";"NBA";"MEM";"NBA";4;3
707;2011;"CFR";"L";"LAL";"NBA";"DEN";"NBA";4;3
708;2011;"CSF";"M";"SAS";"NBA";"LAC";"NBA";4;0
709;2011;"CSF";"M";"OKC";"NBA";"LAL";"NBA";4;1
710;1980;"F";"O";"BOS";"NBA";"HOU";"NBA";4;2
711;1986;"F";"O";"LAL";"NBA";"BOS";"NBA";4;2
712;1988;"F";"O";"DET";"NBA";"LAL";"NBA";4;0
713;1967;"F";"D";"PTP";"ABA";"NOB";"ABA";4;3
714;1967;"DF";"C";"PTP";"ABA";"MNM";"ABA";4;1
715;1967;"DF";"C";"NOB";"ABA";"DLC";"ABA";4;1
716;1967;"DSF";"B";"MNM";"ABA";"KEN";"ABA";3;2
717;1967;"DSF";"B";"PTP";"ABA";"INA";"ABA";3;0
718;1967;"DSF";"B";"DLC";"ABA";"HSM";"ABA";3;0
719;1967;"DSF";"B";"NOB";"ABA";"DNR";"ABA";3;2
720;1968;"F";"D";"OAK";"ABA";"INA";"ABA";4;1
721;1968;"DF";"C";"INA";"ABA";"MMF";"ABA";4;1
722;1968;"DF";"C";"OAK";"ABA";"NOB";"ABA";4;0
723;1968;"DSF";"B";"INA";"ABA";"KEN";"ABA";4;3
724;1968;"DSF";"B";"MMF";"ABA";"MNP";"ABA";4;3
725;1968;"DSF";"B";"NOB";"ABA";"DLC";"ABA";4;3
726;1968;"DSF";"B";"OAK";"ABA";"DNR";"ABA";4;3
727;1969;"F";"D";"INA";"ABA";"LAS";"ABA";4;2
728;1969;"DF";"C";"INA";"ABA";"KEN";"ABA";4;1
729;1969;"DF";"C";"LAS";"ABA";"DNR";"ABA";4;1
730;1969;"DSF";"B";"INA";"ABA";"CAR";"ABA";4;0
731;1969;"DSF";"B";"KEN";"ABA";"NYA";"ABA";4;3
732;1969;"DSF";"B";"DNR";"ABA";"WSA";"ABA";4;3
733;1969;"DSF";"B";"LAS";"ABA";"DLC";"ABA";4;2
734;1970;"F";"D";"UTS";"ABA";"KEN";"ABA";4;3
735;1970;"DF";"C";"KEN";"ABA";"VIR";"ABA";4;2
736;1970;"DF";"C";"UTS";"ABA";"INA";"ABA";4;3
737;1970;"DSF";"B";"KEN";"ABA";"FLO";"ABA";4;2
738;1970;"DSF";"B";"VIR";"ABA";"NYA";"ABA";4;2
739;1970;"DSF";"B";"INA";"ABA";"MMP";"ABA";4;0
740;1970;"DSF";"B";"UTS";"ABA";"TEX";"ABA";4;0
741;1970;"DT";"A";"TEX";"ABA";"DNR";"ABA";1;0
742;1971;"F";"D";"INA";"ABA";"NYA";"ABA";4;2
743;1971;"DF";"C";"NYA";"ABA";"VIR";"ABA";4;3
744;1971;"DF";"C";"INA";"ABA";"UTS";"ABA";4;3
745;1971;"DSF";"B";"NYA";"ABA";"KEN";"ABA";4;2
746;1971;"DSF";"B";"VIR";"ABA";"FLO";"ABA";4;0
747;1971;"DSF";"B";"INA";"ABA";"DNR";"ABA";4;3
748;1971;"DSF";"B";"UTS";"ABA";"DLC";"ABA";4;0
749;1972;"F";"D";"INA";"ABA";"KEN";"ABA";4;3
750;1972;"DF";"C";"KEN";"ABA";"CAR";"ABA";4;3
751;1972;"DF";"C";"INA";"ABA";"UTS";"ABA";4;2
752;1972;"DSF";"B";"CAR";"ABA";"NYA";"ABA";4;1
753;1972;"DSF";"B";"KEN";"ABA";"VIR";"ABA";4;1
754;1972;"DSF";"B";"INA";"ABA";"DNR";"ABA";4;1
755;1972;"DSF";"B";"UTS";"ABA";"SDA";"ABA";4;0
756;1973;"F";"D";"NYA";"ABA";"UTS";"ABA";4;1
757;1973;"DF";"C";"NYA";"ABA";"KEN";"ABA";4;0
758;1973;"DF";"C";"UTS";"ABA";"INA";"ABA";4;3
759;1973;"DSF";"B";"KEN";"ABA";"CAR";"ABA";4;0
760;1973;"DSF";"B";"NYA";"ABA";"VIR";"ABA";4;1
761;1973;"DSF";"B";"INA";"ABA";"SAA";"ABA";4;3
762;1973;"DSF";"B";"UTS";"ABA";"SDA";"ABA";4;2
763;1973;"DT";"A";"SDA";"ABA";"DNR";"ABA";1;0
764;1974;"F";"D";"KEN";"ABA";"INA";"ABA";4;1
765;1974;"DF";"C";"KEN";"ABA";"SSL";"ABA";4;1
766;1974;"DF";"C";"INA";"ABA";"DNA";"ABA";4;3
767;1974;"DSF";"B";"KEN";"ABA";"MMS";"ABA";4;1
768;1974;"DSF";"B";"SSL";"ABA";"NYA";"ABA";4;1
769;1974;"DSF";"B";"DNA";"ABA";"UTS";"ABA";4;2
770;1974;"DSF";"B";"INA";"ABA";"SAA";"ABA";4;2
771;1974;"DT";"A";"KEN";"ABA";"NYA";"ABA";1;0
772;1975;"F";"D";"NYA";"ABA";"DNA";"ABA";4;2
773;1975;"SF";"C";"DNA";"ABA";"KEN";"ABA";4;3
774;1975;"SF";"C";"NYA";"ABA";"SAA";"ABA";4;3
775;1975;"FR";"B";"KEN";"ABA";"INA";"ABA";2;1
